date,trips,avg_dist,avg_fare,avg_dur,revenue
2022-01-01,59643,3.8,14.04,12.7,1218199.0
2022-01-02,56022,4.34,15.45,13.4,1245342.0
2022-01-03,69832,3.77,13.84,12.5,1425448.0
2022-01-04,72011,3.43,13.09,12.5,1398603.0
2022-01-05,71941,3.28,12.68,12.5,1362135.0
2022-01-06,77160,3.03,12.16,12.2,1414378.0
2022-01-07,68450,2.98,11.71,11.3,1225707.0
2022-01-08,80002,3.13,12.25,11.9,1460944.0
2022-01-09,61386,3.65,13.36,11.9,1209727.0
2022-01-10,70815,3.08,12.29,12.3,1307572.0
2022-01-11,74560,2.81,11.67,12.1,1321267.0
2022-01-12,77296,2.83,11.83,12.5,1388098.0
2022-01-13,81792,2.92,12.15,13.0,1501397.0
2022-01-14,89875,2.98,12.28,13.1,1675484.0
2022-01-15,84416,2.97,11.94,11.8,1516969.0
2022-01-16,68836,3.29,12.59,11.9,1289930.0
2022-01-17,60852,3.71,13.59,12.1,1224908.0
2022-01-18,81298,3.02,12.42,13.1,1520870.0
2022-01-19,83207,2.82,11.96,13.0,1504417.0
2022-01-20,86971,2.8,11.78,12.6,1562649.0
2022-01-21,96098,2.73,11.76,13.0,1726367.0
2022-01-22,91849,2.83,11.73,12.2,1621434.0
2022-01-23,73031,3.42,13.02,12.3,1410089.0
2022-01-24,75154,3.02,12.28,12.7,1390388.0
2022-01-25,83789,2.77,11.82,12.8,1504967.0
2022-01-26,92643,2.67,11.71,13.1,1653003.0
2022-01-27,95446,2.8,12.49,14.5,1792782.0
2022-01-28,90407,2.86,12.8,15.2,1735107.0
2022-01-29,28965,2.4,10.48,11.8,472408.0
2022-01-30,65474,3.46,13.19,12.7,1277757.0
2022-01-31,81008,3.26,13.31,14.5,1603948.0
2022-02-01,87876,2.95,12.94,14.8,1695314.0
2022-02-02,87882,2.84,13.13,16.0,1714753.0
2022-02-03,98705,2.78,12.55,15.1,1863587.0
2022-02-04,103900,2.72,11.71,13.1,1861728.0
2022-02-05,109957,2.81,11.87,12.7,1958567.0
2022-02-06,83155,3.41,13.11,12.8,1617647.0
2022-02-07,84686,3.1,12.99,14.5,1646679.0
2022-02-08,98080,2.79,12.2,13.9,1811673.0
2022-02-09,101182,2.78,12.18,13.9,1868599.0
2022-02-10,107437,2.94,12.62,14.5,2048788.0
2022-02-11,111654,3.01,12.93,15.0,2173249.0
2022-02-12,113094,2.92,12.66,14.3,2119070.0
2022-02-13,86813,3.36,12.86,12.3,1662753.0
2022-02-14,103830,3.0,12.52,13.6,1960830.0
2022-02-15,104401,2.93,12.52,14.0,1970110.0
2022-02-16,105084,2.91,12.44,14.0,1976528.0
2022-02-17,107898,3.01,12.79,14.6,2080381.0
2022-02-18,109955,3.15,13.33,15.5,2197986.0
2022-02-19,108465,3.04,12.55,13.2,2025114.0
2022-02-20,89883,3.44,13.34,13.2,1769595.0
2022-02-21,82072,3.85,14.23,13.4,1722046.0
2022-02-22,96961,3.21,13.15,14.4,1912861.0
2022-02-23,107381,3.09,13.0,14.4,2095937.0
2022-02-24,114574,3.06,13.01,14.6,2236855.0
2022-02-25,112224,3.08,12.72,13.7,2158731.0
2022-02-26,116181,3.11,12.82,13.7,2206495.0
2022-02-27,94337,3.7,14.08,13.9,1947488.0
2022-02-28,97401,3.37,13.57,14.6,1971690.0
2022-03-01,108795,3.16,13.24,14.8,2156721.0
2022-03-02,114199,3.12,13.08,14.6,2245745.0
2022-03-03,123005,3.09,13.07,14.8,2420319.0
2022-03-04,121104,3.08,13.14,15.2,2394581.0
2022-03-05,114010,3.07,12.77,13.7,2161200.0
2022-03-06,90613,3.82,14.21,13.6,1897935.0
2022-03-07,95164,3.43,13.58,14.3,1934482.0
2022-03-08,111782,3.12,13.16,14.9,2212809.0
2022-03-09,113706,3.01,13.25,15.5,2262660.0
2022-03-10,118533,3.22,13.85,16.3,2449147.0
2022-03-11,122091,3.26,13.57,15.7,2485572.0
2022-03-12,114331,3.04,12.31,12.5,2112009.0
2022-03-13,93891,3.71,13.99,14.0,1935937.0
2022-03-14,93785,3.62,14.1,14.7,1967061.0
2022-03-15,107179,3.3,13.59,15.1,2179127.0
2022-03-16,113678,3.26,13.66,15.6,2319794.0
2022-03-17,110407,3.33,14.01,16.1,2302270.0
2022-03-18,120830,3.44,14.1,16.2,2536644.0
2022-03-19,114070,3.32,13.42,14.3,2259259.0
2022-03-20,94016,4.07,15.25,15.3,2089235.0
2022-03-21,95763,3.7,14.26,14.8,2033203.0
2022-03-22,108064,3.3,13.48,14.7,2182895.0
2022-03-23,116398,3.2,13.2,14.5,2315824.0
2022-03-24,117976,3.24,13.4,14.9,2377997.0
2022-03-25,117983,3.38,13.79,15.3,2429983.0
2022-03-26,120806,3.21,13.07,13.9,2341186.0
2022-03-27,101319,3.82,14.29,13.8,2129085.0
2022-03-28,106367,3.42,13.62,14.3,2170802.0
2022-03-29,118061,3.16,13.26,14.8,2353996.0
2022-03-30,120255,3.16,13.31,15.0,2409914.0
2022-03-31,122081,3.3,13.81,15.8,2521127.0
2022-04-01,127728,3.31,13.72,15.7,2624288.0
2022-04-02,120054,3.25,13.36,14.4,2365644.0
2022-04-03,98045,3.84,14.39,13.9,2075086.0
2022-04-04,104128,3.53,13.94,14.9,2166030.0
2022-04-05,115915,3.26,13.55,15.1,2351138.0
2022-04-06,117923,3.24,13.66,15.5,2413587.0
2022-04-07,121293,3.14,13.65,16.3,2475061.0
2022-04-08,123310,3.43,14.13,16.2,2594659.0
2022-04-09,120841,3.29,13.59,14.9,2414044.0
2022-04-10,103404,3.79,14.41,14.3,2185034.0
2022-04-11,102841,3.56,14.23,15.3,2169263.0
2022-04-12,111683,3.59,15.2,18.3,2481591.0
2022-04-13,116343,3.36,14.31,16.9,2462499.0
2022-04-14,121757,3.33,14.06,16.5,2541220.0
2022-04-15,115654,3.46,13.77,15.0,2378021.0
2022-04-16,109041,3.25,13.09,13.9,2101527.0
2022-04-17,91460,3.85,14.2,13.4,1903937.0
2022-04-18,98485,3.61,14.08,14.7,2068356.0
2022-04-19,113759,3.34,13.71,14.9,2329777.0
2022-04-20,116424,3.33,13.98,15.8,2420394.0
2022-04-21,122400,3.35,13.83,15.4,2528682.0
2022-04-22,122388,3.38,13.71,14.9,2509725.0
2022-04-23,117907,3.41,13.96,15.1,2404214.0
2022-04-24,97829,4.03,15.04,14.9,2144736.0
2022-04-25,101500,3.67,14.28,14.9,2157148.0
2022-04-26,114309,3.39,13.94,15.5,2375779.0
2022-04-27,120788,3.33,14.05,16.2,2527595.0
2022-04-28,121758,3.43,14.38,16.9,2601343.0
2022-04-29,120858,3.42,14.17,16.4,2546896.0
2022-04-30,119451,3.38,13.87,15.2,2422154.0
2022-05-01,92664,4.13,15.44,15.5,2074468.0
2022-05-02,88796,3.75,14.48,14.9,1908442.0
2022-05-03,113844,3.4,14.06,15.6,2383419.0
2022-05-04,118840,3.32,13.82,15.4,2457198.0
2022-05-05,124572,3.37,14.24,16.6,2633868.0
2022-05-06,118321,3.36,14.18,16.8,2490129.0
2022-05-07,109958,3.21,13.22,14.2,2145207.0
2022-05-08,96727,3.89,14.65,14.6,2068254.0
2022-05-09,102148,3.66,14.51,15.8,2200945.0
2022-05-10,115032,3.34,14.1,16.1,2413037.0
2022-05-11,120719,3.31,14.06,16.2,2525468.0
2022-05-12,125851,3.44,14.34,16.6,2685163.0
2022-05-13,121739,3.52,14.6,16.9,2631594.0
2022-05-14,117405,3.42,14.25,16.0,2436447.0
2022-05-15,99195,4.1,15.54,15.9,2233215.0
2022-05-16,107848,3.68,14.67,16.0,2343229.0
2022-05-17,116700,3.57,15.43,18.5,2632135.0
2022-05-18,118691,3.54,15.2,18.5,2646261.0
2022-05-19,121733,3.54,15.27,18.7,2728941.0
2022-05-20,116817,3.6,15.03,17.9,2585332.0
2022-05-21,115533,3.65,14.83,16.6,2479904.0
2022-05-22,94342,4.16,15.9,16.6,2160653.0
2022-05-23,104631,3.8,15.06,16.6,2325068.0
2022-05-24,114977,3.43,14.56,17.0,2473187.0
2022-05-25,115890,3.46,14.78,17.7,2525505.0
2022-05-26,115403,3.53,14.71,17.4,2508724.0
2022-05-27,104310,3.6,14.56,16.3,2238756.0
2022-05-28,93287,3.65,14.32,14.5,1936980.0
2022-05-29,86017,4.01,15.02,14.7,1860113.0
2022-05-30,78367,4.41,15.69,14.2,1783744.0
2022-05-31,107812,3.54,14.41,16.4,2294771.0
2022-06-01,115397,3.24,14.2,17.3,2419711.0
2022-06-02,118467,3.39,14.5,17.1,2533918.0
2022-06-03,116590,3.46,14.37,16.7,2477238.0
2022-06-04,114847,3.4,13.85,15.1,2322141.0
2022-06-05,95540,4.1,15.57,15.8,2152844.0
2022-06-06,106226,3.67,14.37,15.3,2273384.0
2022-06-07,120209,3.32,14.05,16.4,2516066.0
2022-06-08,121974,3.33,14.35,17.0,2595914.0
2022-06-09,125194,3.41,14.55,17.4,2701585.0
2022-06-10,120615,3.51,14.58,17.2,2601866.0
2022-06-11,113730,3.49,14.25,15.7,2362562.0
2022-06-12,92764,4.1,15.56,15.8,2090555.0
2022-06-13,111753,3.67,14.48,15.7,2406902.0
2022-06-14,117929,3.43,14.46,16.8,2525572.0
2022-06-15,122885,3.46,14.59,17.1,2654302.0
2022-06-16,121402,3.4,14.44,17.1,2596095.0
2022-06-17,117063,3.66,14.8,16.8,2559789.0
2022-06-18,108545,3.59,14.24,15.3,2248612.0
2022-06-19,91597,4.05,15.05,15.1,2000256.0
2022-06-20,94879,3.92,14.85,15.5,2087751.0
2022-06-21,114303,3.4,14.45,16.9,2443135.0
2022-06-22,115909,3.31,14.27,16.8,2449327.0
2022-06-23,122609,3.53,14.72,17.1,2668867.0
2022-06-24,116762,3.56,14.64,16.9,2524364.0
2022-06-25,111803,3.48,14.02,15.2,2286912.0
2022-06-26,85966,4.14,15.65,15.9,1941762.0
2022-06-27,98410,3.73,14.57,15.8,2124068.0
2022-06-28,107943,3.43,14.09,15.8,2258377.0
2022-06-29,110880,3.41,14.08,16.0,2319081.0
2022-06-30,107934,3.52,14.4,16.4,2299145.0
2022-07-01,95895,3.63,14.33,15.3,2023090.0
2022-07-02,82345,3.64,13.91,13.5,1664178.0
2022-07-03,70510,3.95,14.56,13.7,1480113.0
2022-07-04,60385,4.29,15.51,14.3,1346790.0
2022-07-05,89981,3.73,14.29,14.6,1898254.0
2022-07-06,98908,3.41,13.74,14.8,2015966.0
2022-07-07,103205,3.4,13.83,15.1,2116260.0
2022-07-08,98720,3.5,14.03,15.3,2051045.0
2022-07-09,89686,3.6,13.88,13.9,1816493.0
2022-07-10,79435,4.16,15.3,14.9,1758769.0
2022-07-11,92899,3.75,14.48,15.0,1988638.0
2022-07-12,107445,3.38,13.96,15.4,2231716.0
2022-07-13,112244,3.39,14.1,15.8,2354274.0
2022-07-14,112322,3.45,14.26,16.2,2373385.0
2022-07-15,105445,3.61,14.37,15.6,2242638.0
2022-07-16,100604,3.56,14.14,14.9,2071737.0
2022-07-17,85697,4.12,15.33,15.1,1901561.0
2022-07-18,91924,3.68,14.48,15.4,1967108.0
2022-07-19,108837,3.44,14.09,15.6,2278335.0
2022-07-20,112197,3.34,14.08,16.1,2345240.0
2022-07-21,110073,3.39,14.29,16.4,2330734.0
2022-07-22,103833,3.54,14.2,15.6,2170586.0
2022-07-23,97722,3.43,13.7,14.3,1953206.0
2022-07-24,85583,3.98,14.77,14.3,1837462.0
2022-07-25,90599,3.65,14.23,14.7,1911159.0
2022-07-26,104719,3.5,14.18,15.4,2199246.0
2022-07-27,109323,3.37,13.97,15.6,2269208.0
2022-07-28,110516,3.38,14.07,15.9,2306396.0
2022-07-29,104135,3.55,14.4,16.1,2215603.0
2022-07-30,96458,3.54,14.01,14.8,1966690.0
2022-07-31,82188,4.1,15.18,15.0,1804739.0
2022-08-01,87555,3.8,14.62,15.2,1885753.0
2022-08-02,103088,3.35,13.69,14.8,2099885.0
2022-08-03,105127,3.29,13.73,15.5,2144358.0
2022-08-04,107183,3.35,14.08,16.1,2231702.0
2022-08-05,102442,3.57,14.24,15.4,2156563.0
2022-08-06,99450,3.54,13.91,14.4,2015666.0
2022-08-07,81973,4.06,15.05,14.7,1786074.0
2022-08-08,92939,3.69,14.24,14.7,1959859.0
2022-08-09,106335,3.31,13.66,15.1,2162188.0
2022-08-10,82149,3.48,14.06,15.3,1714561.0
2022-08-11,108408,3.45,14.26,16.2,2283853.0
2022-08-12,102093,3.61,14.43,15.9,2170380.0
2022-08-13,95022,3.62,14.3,15.1,1970180.0
2022-08-14,80662,4.22,15.75,15.7,1827404.0
2022-08-15,88205,3.84,14.65,14.9,1903205.0
2022-08-16,99404,3.5,13.99,15.0,2061593.0
2022-08-17,101902,3.48,14.09,15.4,2126292.0
2022-08-18,103974,3.55,14.35,16.0,2204751.0
2022-08-19,99612,3.65,14.58,16.1,2134004.0
2022-08-20,94918,3.65,14.47,15.5,1982726.0
2022-08-21,81253,4.18,15.55,15.3,1814917.0
2022-08-22,87148,3.8,14.51,14.7,1861318.0
2022-08-23,100421,3.64,14.37,15.1,2130790.0
2022-08-24,103110,3.5,14.13,15.3,2155557.0
2022-08-25,104178,3.54,14.33,16.0,2204467.0
2022-08-26,100525,3.57,14.31,15.9,2124692.0
2022-08-27,97629,3.61,14.27,15.1,2019408.0
2022-08-28,82647,4.27,15.8,15.7,1876732.0
2022-08-29,87159,3.93,14.94,15.4,1910588.0
2022-08-30,100024,3.52,14.2,15.6,2093887.0
2022-08-31,100998,3.7,14.93,16.8,2209391.0
2022-09-01,102065,3.72,14.97,17.0,2240702.0
2022-09-02,98049,3.83,14.92,16.0,2150355.0
2022-09-03,92160,3.77,14.56,14.7,1935842.0
2022-09-04,83620,4.11,15.36,15.0,1842874.0
2022-09-05,76225,4.77,16.71,14.7,1833705.0
2022-09-06,95999,3.67,15.25,17.9,2143271.0
2022-09-07,112800,3.45,14.75,17.3,2444259.0
2022-09-08,117946,3.5,15.21,18.6,2618270.0
2022-09-09,117792,3.55,15.03,18.2,2595789.0
2022-09-10,109954,3.59,14.94,17.1,2368666.0
2022-09-11,94214,4.06,15.52,16.0,2119246.0
2022-09-12,104129,3.76,15.25,17.3,2337457.0
2022-09-13,114764,3.45,14.9,17.7,2517690.0
2022-09-14,116884,3.5,15.04,18.0,2587232.0
2022-09-15,120266,3.55,15.14,18.3,2678999.0
2022-09-16,117927,3.58,15.06,18.0,2609450.0
2022-09-17,54106,3.54,14.18,15.1,1114194.0
2022-09-18,1456,3.33,14.84,15.5,27659.0
2022-09-19,100011,3.77,15.64,18.1,2286163.0
2022-09-20,100448,3.68,16.09,19.6,2346326.0
2022-09-21,96868,3.77,16.87,21.3,2355881.0
2022-09-22,102317,3.66,15.91,19.3,2374704.0
2022-09-23,111496,3.68,15.38,18.4,2515721.0
2022-09-24,110109,3.48,14.4,16.1,2302345.0
2022-09-25,92128,4.03,15.28,15.3,2041387.0
2022-09-26,91809,3.95,14.91,14.6,2023162.0
2022-09-27,107923,3.56,14.16,14.9,2280991.0
2022-09-28,116565,3.4,14.51,16.9,2506739.0
2022-09-29,120273,3.46,14.96,17.9,2652948.0
2022-09-30,116680,3.55,14.82,17.3,2550073.0
2022-10-01,110632,3.39,13.87,14.9,2250285.0
2022-10-02,89059,4.05,15.51,15.8,1984400.0
2022-10-03,101277,3.47,14.28,16.2,2147568.0
2022-10-04,102772,3.3,14.04,16.1,2144962.0
2022-10-05,108726,3.37,13.64,14.4,2231557.0
2022-10-06,116220,3.52,15.35,19.0,2616497.0
2022-10-07,117116,3.56,15.16,18.3,2611978.0
2022-10-08,114887,3.46,14.56,16.6,2426516.0
2022-10-09,91814,4.18,16.22,16.9,2143498.0
2022-10-10,90155,4.22,15.76,15.4,2068842.0
2022-10-11,113334,3.58,14.75,16.4,2477623.0
2022-10-12,118271,3.46,14.82,17.7,2592261.0
2022-10-13,120731,3.43,14.93,18.0,2664606.0
2022-10-14,119652,3.58,15.01,17.8,2652795.0
2022-10-15,119226,3.47,14.56,16.5,2518305.0
2022-10-16,101851,4.1,15.55,15.5,2299740.0
2022-10-17,105582,3.76,14.83,15.7,2329729.0
2022-10-18,118033,3.5,14.64,16.5,2566640.0
2022-10-19,122496,3.43,14.82,17.5,2689331.0
2022-10-20,125002,3.49,14.98,18.0,2767251.0
2022-10-21,121337,3.61,15.08,17.8,2703409.0
2022-10-22,119842,3.46,14.33,16.1,2503002.0
2022-10-23,98596,4.11,15.5,15.5,2224084.0
2022-10-24,104208,3.61,14.54,16.0,2252996.0
2022-10-25,116194,3.42,14.46,16.6,2490202.0
2022-10-26,121677,3.49,14.93,17.7,2684908.0
2022-10-27,124826,3.52,15.27,18.6,2802542.0
2022-10-28,123570,3.48,14.81,17.5,2702006.0
2022-10-29,118177,3.38,14.35,16.2,2462680.0
2022-10-30,100285,3.96,15.18,15.3,2210639.0
2022-10-31,95594,3.58,14.47,15.6,2042204.0
2022-11-01,113072,3.47,14.58,16.8,2444429.0
2022-11-02,119132,3.33,14.39,16.9,2544344.0
2022-11-03,124057,3.44,14.81,17.6,2718712.0
2022-11-04,123347,3.42,14.48,16.9,2652854.0
2022-11-05,122994,3.32,14.16,16.1,2537408.0
2022-11-06,96889,4.0,15.27,15.1,2158833.0
2022-11-07,105881,3.75,15.05,16.6,2360369.0
2022-11-08,114595,3.31,13.95,15.7,2364002.0
2022-11-09,121561,3.3,14.51,17.4,2617569.0
2022-11-10,125027,3.43,15.0,18.2,2771686.0
2022-11-11,109700,3.5,15.09,17.9,2416895.0
2022-11-12,122881,3.31,14.11,15.9,2534004.0
2022-11-13,105973,4.03,15.32,15.4,2372426.0
2022-11-14,79198,3.74,15.06,16.6,1772060.0
2022-11-15,86552,3.39,14.68,17.3,1888253.0
2022-11-16,88650,3.4,14.8,17.6,1948208.0
2022-11-17,91118,3.52,15.06,17.9,2033079.0
2022-11-18,90752,3.44,14.52,16.9,1960657.0
2022-11-19,89601,3.37,14.2,15.9,1861668.0
2022-11-20,76477,3.81,14.73,14.7,1646714.0
2022-11-21,101486,3.39,14.21,16.2,2136725.0
2022-11-22,107074,3.3,14.36,17.2,2270936.0
2022-11-23,99144,3.33,14.19,16.3,2075690.0
2022-11-24,64369,3.59,13.7,13.0,1285920.0
2022-11-25,81721,3.49,13.77,13.7,1671991.0
2022-11-26,94667,3.81,14.98,15.4,2053332.0
2022-11-27,84923,4.34,15.92,15.5,1963621.0
2022-11-28,101078,4.06,15.56,16.4,2320682.0
2022-11-29,112979,3.52,14.69,16.7,2460853.0
2022-11-30,110430,3.42,14.91,17.6,2428754.0
2022-12-01,123281,3.5,15.41,18.4,2787906.0
2022-12-02,122472,3.41,14.77,17.2,2671013.0
2022-12-03,120662,3.25,14.12,16.0,2483978.0
2022-12-04,104411,4.01,15.75,16.1,2381242.0
2022-12-05,107475,3.71,15.22,16.7,2414312.0
2022-12-06,112145,3.39,15.35,18.7,2528572.0
2022-12-07,118077,3.5,15.53,18.7,2694830.0
2022-12-08,126318,3.56,15.84,19.2,2929594.0
2022-12-09,126622,3.48,15.14,17.9,2824973.0
2022-12-10,120637,3.26,14.53,17.0,2538630.0
2022-12-11,100267,3.91,15.47,16.0,2251970.0
2022-12-12,106268,3.59,14.92,16.6,2343779.0
2022-12-13,116727,3.32,14.66,17.3,2531505.0
2022-12-14,121175,3.3,14.7,17.5,2634956.0
2022-12-15,122455,3.34,15.07,18.6,2719755.0
2022-12-16,117548,3.38,14.79,17.6,2572047.0
2022-12-17,116299,3.33,14.57,16.8,2461633.0
2022-12-18,93657,3.88,15.31,15.5,2080036.0
2022-12-19,105417,3.48,18.55,15.6,2881101.0
2022-12-20,110000,3.3,18.66,16.6,3020805.0
2022-12-21,107692,3.4,19.1,17.1,3016641.0
2022-12-22,97520,3.45,19.16,17.2,2727875.0
2022-12-23,89549,3.34,18.06,14.8,2377905.0
2022-12-24,71168,3.29,17.37,12.7,1767636.0
2022-12-25,47187,4.09,20.26,14.1,1341873.0
2022-12-26,64394,4.11,21.0,15.8,1906889.0
2022-12-27,82881,3.93,20.77,16.8,2478097.0
2022-12-28,85491,3.79,20.51,17.1,2525185.0
2022-12-29,89912,3.8,20.47,17.1,2652476.0
2022-12-30,88531,3.87,20.66,17.0,2641249.0
2022-12-31,79988,3.6,18.48,13.5,2119787.0
2023-01-01,71029,4.3,21.4,15.1,2152310.0
2023-01-02,63162,4.54,21.7,14.6,1948604.0
2023-01-03,82300,3.86,19.79,15.2,2383373.0
2023-01-04,91524,3.54,18.81,14.9,2542099.0
2023-01-05,97168,3.37,18.2,14.6,2626061.0
2023-01-06,98762,3.22,17.66,14.4,2607401.0
2023-01-07,100941,3.24,17.47,13.5,2565518.0
2023-01-08,81504,3.96,19.55,13.5,2299985.0
2023-01-09,81955,3.57,18.61,14.4,2269793.0
2023-01-10,96167,3.17,17.52,14.2,2531737.0
2023-01-11,102245,3.11,17.3,14.1,2667088.0
2023-01-12,106573,3.28,18.25,15.4,2913965.0
2023-01-13,106202,3.43,18.56,15.2,2959083.0
2023-01-14,108306,3.22,17.75,14.1,2808749.0
2023-01-15,92543,3.58,18.49,13.5,2491107.0
2023-01-16,76775,3.97,19.63,13.9,2196287.0
2023-01-17,96971,3.43,18.59,15.0,2696757.0
2023-01-18,102113,3.2,17.94,14.9,2751277.0
2023-01-19,109528,3.02,17.75,15.7,2919516.0
2023-01-20,105240,3.19,17.81,14.9,2813431.0
2023-01-21,107439,3.04,16.94,13.4,2663579.0
2023-01-22,85689,3.69,18.77,13.6,2342049.0
2023-01-23,86272,3.39,18.03,14.2,2333409.0
2023-01-24,99939,3.07,17.41,14.5,2625324.0
2023-01-25,104401,2.91,16.99,14.5,2686102.0
2023-01-26,110302,3.18,17.96,15.1,2979228.0
2023-01-27,107214,3.16,17.71,14.7,2859495.0
2023-01-28,106806,2.99,17.03,14.0,2660307.0
2023-01-29,84183,3.7,18.82,13.6,2306285.0
2023-01-30,80536,3.49,18.51,14.5,2223711.0
2023-01-31,96444,3.04,17.79,15.3,2568241.0
2023-02-01,103147,3.05,17.3,14.5,2692021.0
2023-02-02,108212,3.07,17.5,14.9,2856806.0
2023-02-03,108897,3.01,17.07,14.2,2820985.0
2023-02-04,92391,3.0,16.82,13.3,2282841.0
2023-02-05,79969,3.79,19.24,13.9,2235293.0
2023-02-06,87345,3.47,18.47,14.6,2412516.0
2023-02-07,101843,3.05,17.39,14.7,2671921.0
2023-02-08,104193,3.07,17.59,14.9,2762268.0
2023-02-09,110458,3.22,18.41,15.8,3041169.0
2023-02-10,109679,3.22,18.13,15.5,2981531.0
2023-02-11,109367,3.05,17.56,14.8,2790194.0
2023-02-12,90050,3.68,18.7,13.6,2452172.0
2023-02-13,89155,3.43,18.35,14.4,2440660.0
2023-02-14,103867,3.02,17.79,15.6,2762368.0
2023-02-15,106093,3.36,18.65,15.4,2963734.0
2023-02-16,108270,3.21,18.27,15.7,2960946.0
2023-02-17,106610,3.22,18.07,15.4,2897267.0
2023-02-18,100511,3.2,17.83,14.4,2601428.0
2023-02-19,85933,3.66,18.97,14.1,2358486.0
2023-02-20,76353,4.15,20.25,14.1,2234774.0
2023-02-21,95945,3.39,18.45,15.0,2645494.0
2023-02-22,106299,3.18,18.19,15.5,2889555.0
2023-02-23,110620,3.26,18.4,15.5,3039313.0
2023-02-24,110456,3.2,17.93,15.0,2971993.0
2023-02-25,107685,3.13,17.5,14.0,2748346.0
2023-02-26,86793,3.88,19.52,14.0,2457541.0
2023-02-27,88798,3.54,18.73,15.0,2481331.0
2023-02-28,96581,3.3,17.83,14.1,2589805.0
2023-03-01,110427,3.25,18.37,15.6,3032138.0
2023-03-02,113889,3.27,18.48,15.8,3146791.0
2023-03-03,111083,3.19,17.89,15.1,2984158.0
2023-03-04,107472,3.11,17.48,14.2,2736731.0
2023-03-05,92356,3.81,19.5,14.5,2608564.0
2023-03-06,89720,3.59,19.2,15.4,2560869.0
2023-03-07,109056,3.09,17.74,15.0,2913482.0
2023-03-08,113840,3.18,18.49,16.1,3147292.0
2023-03-09,116533,3.23,18.57,16.1,3228805.0
2023-03-10,115606,3.22,18.33,16.1,3177482.0
2023-03-11,106015,3.16,17.5,14.0,2710711.0
2023-03-12,90626,3.87,19.56,14.9,2571077.0
2023-03-13,95917,3.48,18.92,15.6,2707544.0
2023-03-14,102668,3.2,17.94,14.9,2761571.0
2023-03-15,114394,3.3,19.16,16.9,3252464.0
2023-03-16,118583,3.36,19.45,17.4,3414927.0
2023-03-17,107635,3.43,19.62,17.2,3112328.0
2023-03-18,115703,3.25,18.05,14.7,3028120.0
2023-03-19,95609,3.93,20.17,15.1,2789538.0
2023-03-20,87614,3.91,20.14,15.9,2613652.0
2023-03-21,97463,3.43,18.93,15.8,2743496.0
2023-03-22,101569,3.37,18.89,15.8,2859362.0
2023-03-23,108827,3.44,19.23,16.6,3112106.0
2023-03-24,105867,3.46,18.75,15.4,2967456.0
2023-03-25,109525,3.16,17.51,14.1,2800253.0
2023-03-26,89514,4.02,20.4,15.2,2635082.0
2023-03-27,91968,3.69,19.33,15.4,2651968.0
2023-03-28,99993,3.39,18.83,15.6,2800545.0
2023-03-29,106648,3.38,18.93,16.1,3006085.0
2023-03-30,113842,3.38,19.16,16.7,3237237.0
2023-03-31,109613,3.48,19.01,15.9,3104398.0
2023-04-01,110622,3.27,17.99,14.4,2890548.0
2023-04-02,94857,3.92,19.97,14.9,2729472.0
2023-04-03,92786,3.64,19.59,16.0,2678138.0
2023-04-04,103928,3.33,18.32,14.9,2839685.0
2023-04-05,110589,3.2,18.69,16.5,3061413.0
2023-04-06,103558,3.48,18.87,15.2,2905579.0
2023-04-07,101302,3.36,18.14,14.2,2740992.0
2023-04-08,96795,3.16,17.43,13.7,2447063.0
2023-04-09,84272,3.9,19.71,14.6,2392265.0
2023-04-10,85967,3.88,20.16,15.8,2554460.0
2023-04-11,100698,3.51,19.17,15.6,2865013.0
2023-04-12,108311,3.34,18.65,15.3,3010167.0
2023-04-13,116342,3.36,19.06,16.2,3289013.0
2023-04-14,118077,3.36,18.74,15.8,3294212.0
2023-04-15,112673,3.29,18.5,15.4,3007799.0
2023-04-16,93322,4.01,20.19,14.8,2719192.0
2023-04-17,93499,3.87,20.14,15.9,2780977.0
2023-04-18,110150,3.39,19.32,16.7,3153064.0
2023-04-19,112274,3.35,19.3,16.9,3212122.0
2023-04-20,119656,3.42,19.92,18.0,3522503.0
2023-04-21,110042,3.51,18.96,15.9,3118493.0
2023-04-22,111416,3.23,18.14,15.5,2924488.0
2023-04-23,92516,4.17,21.03,16.4,2802225.0
2023-04-24,95332,3.85,20.46,16.6,2881067.0
2023-04-25,108049,3.43,19.7,17.2,3145313.0
2023-04-26,115110,3.34,19.49,17.2,3322736.0
2023-04-27,119170,3.45,20.09,18.2,3530630.0
2023-04-28,117547,3.37,19.28,17.1,3364229.0
2023-04-29,103428,3.19,18.75,16.2,2785015.0
2023-04-30,88189,3.92,20.73,16.7,2621900.0
2023-05-01,95357,3.99,21.07,17.0,2948013.0
2023-05-02,109970,3.33,19.32,16.9,3145055.0
2023-05-03,114229,3.3,19.21,16.9,3262337.0
2023-05-04,120933,3.3,19.47,17.6,3491590.0
2023-05-05,115739,3.38,19.14,16.7,3291704.0
2023-05-06,115252,3.21,18.3,15.4,3044501.0
2023-05-07,95628,4.04,20.63,15.9,2839863.0
2023-05-08,94394,3.77,20.19,16.4,2819496.0
2023-05-09,110839,3.36,19.33,16.9,3183258.0
2023-05-10,115541,3.33,20.2,18.7,3426948.0
2023-05-11,124056,3.37,19.72,17.9,3620940.0
2023-05-12,119372,3.38,19.62,17.8,3459813.0
2023-05-13,115371,3.29,18.68,15.8,3102549.0
2023-05-14,103587,3.95,20.18,15.7,3009158.0
2023-05-15,103927,3.76,20.38,17.2,3129051.0
2023-05-16,119028,3.35,19.84,17.9,3483938.0
2023-05-17,126031,3.36,20.01,18.4,3721486.0
2023-05-18,128075,3.44,20.5,19.2,3856734.0
2023-05-19,121353,3.35,19.22,17.2,3460819.0
2023-05-20,111262,3.3,19.1,16.6,3049830.0
2023-05-21,96501,4.11,21.53,17.2,2971613.0
2023-05-22,98975,3.73,19.95,16.3,2929595.0
2023-05-23,111147,3.33,19.18,16.7,3169167.0
2023-05-24,119258,3.26,19.04,16.8,3383565.0
2023-05-25,111511,3.48,19.91,17.8,3272820.0
2023-05-26,97006,3.63,19.63,16.1,2808844.0
2023-05-27,88724,3.53,19.0,14.9,2411035.0
2023-05-28,78335,3.94,20.18,15.0,2249790.0
2023-05-29,71067,4.54,21.67,14.7,2202899.0
2023-05-30,95772,3.65,20.08,17.1,2826447.0
2023-05-31,109416,3.33,19.43,17.1,3138272.0
2023-06-01,117164,3.33,19.92,18.4,3427438.0
2023-06-02,112700,3.26,18.86,16.9,3156524.0
2023-06-03,111888,3.33,18.57,15.2,2993475.0
2023-06-04,94729,4.13,21.43,16.8,2899884.0
2023-06-05,98355,3.73,20.04,16.3,2918817.0
2023-06-06,115840,3.29,19.34,17.0,3324455.0
2023-06-07,117773,3.31,19.5,17.3,3399181.0
2023-06-08,114218,3.39,19.23,16.1,3270561.0
2023-06-09,109817,3.42,19.13,16.2,3119383.0
2023-06-10,106576,3.31,18.5,15.2,2843682.0
2023-06-11,91458,4.21,21.36,16.3,2794626.0
2023-06-12,101733,3.63,19.62,16.2,2961718.0
2023-06-13,112422,3.36,19.4,16.9,3230872.0
2023-06-14,117012,3.28,19.26,16.9,3344403.0
2023-06-15,121751,3.42,19.71,17.5,3548305.0
2023-06-16,105013,3.54,19.72,17.2,3048756.0
2023-06-17,100584,3.39,18.61,15.1,2696288.0
2023-06-18,86929,4.04,20.31,15.1,2530892.0
2023-06-19,82092,4.14,20.7,15.9,2512548.0
2023-06-20,103232,3.52,20.34,18.0,3082394.0
2023-06-21,111021,3.39,19.81,17.6,3243421.0
2023-06-22,115942,3.42,19.6,17.2,3362092.0
2023-06-23,108885,3.5,19.44,16.6,3133959.0
2023-06-24,103121,3.43,19.06,15.5,2827590.0
2023-06-25,89037,4.12,21.3,16.3,2711365.0
2023-06-26,94891,3.82,20.39,16.7,2842180.0
2023-06-27,104287,3.52,19.75,16.9,3036029.0
2023-06-28,99803,3.57,19.51,16.1,2890397.0
2023-06-29,99155,3.6,20.58,18.3,2981605.0
2023-06-30,89970,3.65,19.62,16.1,2597953.0
2023-07-01,77461,3.66,19.23,14.6,2126380.0
2023-07-02,65288,3.88,19.77,14.2,1835116.0
2023-07-03,61703,3.87,19.51,13.9,1752685.0
2023-07-04,54757,4.27,21.0,14.6,1634678.0
2023-07-05,81334,3.71,19.65,15.5,2342029.0
2023-07-06,89016,3.44,19.38,16.3,2528178.0
2023-07-07,86837,3.46,19.06,15.9,2433130.0
2023-07-08,86905,3.54,19.01,15.0,2371138.0
2023-07-09,76123,3.98,20.18,14.9,2195399.0
2023-07-10,85154,3.91,20.37,15.9,2556257.0
2023-07-11,99095,3.48,19.62,16.7,2869424.0
2023-07-12,105520,3.26,19.15,16.6,2985707.0
2023-07-13,107678,3.28,19.21,16.8,3056822.0
2023-07-14,94058,3.44,19.28,16.4,2677825.0
2023-07-15,95091,3.45,19.04,15.5,2591959.0
2023-07-16,75937,4.08,20.85,15.4,2258411.0
2023-07-17,89388,3.88,20.52,16.5,2694800.0
2023-07-18,101408,3.41,19.56,16.7,2923396.0
2023-07-19,105858,3.38,19.55,16.8,3056674.0
2023-07-20,106577,3.38,19.58,17.4,3077350.0
2023-07-21,95360,3.5,19.28,16.0,2715056.0
2023-07-22,93859,3.47,19.08,15.5,2562991.0
2023-07-23,81838,4.01,20.47,15.5,2401842.0
2023-07-24,85595,3.74,19.75,15.5,2496368.0
2023-07-25,97589,3.26,19.42,17.1,2784556.0
2023-07-26,103511,3.39,19.79,17.2,3016262.0
2023-07-27,106976,3.28,19.05,16.5,3012819.0
2023-07-28,97144,3.49,19.27,16.4,2766728.0
2023-07-29,91364,3.39,18.61,14.9,2445286.0
2023-07-30,82122,4.18,21.07,16.0,2474930.0
2023-07-31,81550,3.86,20.08,15.8,2407900.0
2023-08-01,93665,3.43,19.29,16.2,2666376.0
2023-08-02,96547,3.35,19.04,16.3,2718310.0
2023-08-03,98236,3.43,19.33,16.5,2803100.0
2023-08-04,87348,3.56,19.51,16.2,2508072.0
2023-08-05,87696,3.42,18.64,14.9,2347392.0
2023-08-06,76205,4.05,20.42,15.1,2233077.0
2023-08-07,78886,3.72,19.55,15.3,2265576.0
2023-08-08,91370,3.55,19.45,15.9,2623649.0
2023-08-09,95530,3.36,18.88,16.0,2672514.0
2023-08-10,99192,3.32,19.15,16.8,2809329.0
2023-08-11,87661,3.61,19.52,16.1,2518425.0
2023-08-12,84952,3.49,19.01,15.2,2316627.0
2023-08-13,75235,4.21,21.68,16.7,2317688.0
2023-08-14,79597,3.83,19.9,15.5,2327162.0
2023-08-15,89149,3.43,18.86,15.5,2493573.0
2023-08-16,95070,3.43,19.0,15.9,2675278.0
2023-08-17,95221,3.44,19.15,16.1,2700811.0
2023-08-18,85226,3.62,19.66,16.4,2464007.0
2023-08-19,84722,3.58,19.58,16.0,2363091.0
2023-08-20,73636,4.24,21.43,16.1,2247855.0
2023-08-21,76165,3.92,20.07,15.3,2245401.0
2023-08-22,82859,3.6,19.49,15.8,2379609.0
2023-08-23,87996,3.49,19.31,16.1,2509518.0
2023-08-24,90810,3.5,19.69,17.1,2631758.0
2023-08-25,84322,3.64,19.56,15.8,2431651.0
2023-08-26,85577,3.58,19.24,15.2,2356904.0
2023-08-27,76366,4.14,20.95,15.6,2288802.0
2023-08-28,74671,4.06,20.72,16.1,2264209.0
2023-08-29,89556,3.6,19.98,16.5,2612394.0
2023-08-30,87770,3.59,20.1,17.0,2581999.0
2023-08-31,86903,3.82,20.95,18.0,2655717.0
2023-09-01,82542,3.92,20.92,17.4,2519551.0
2023-09-02,78184,3.77,19.84,15.2,2206439.0
2023-09-03,74170,4.11,20.96,15.7,2197570.0
2023-09-04,68589,4.77,22.67,15.2,2219141.0
2023-09-05,97935,3.78,20.56,17.2,2952601.0
2023-09-06,112178,3.34,20.01,17.9,3295941.0
2023-09-07,122480,3.21,19.87,18.4,3572805.0
2023-09-08,116579,3.42,20.48,18.8,3486447.0
2023-09-09,109479,3.36,19.79,17.1,3095177.0
2023-09-10,96381,3.86,20.55,16.1,2843508.0
2023-09-11,100634,3.7,21.06,18.4,3103688.0
2023-09-12,112095,3.41,20.64,19.0,3392308.0
2023-09-13,112394,3.26,19.88,18.0,3298042.0
2023-09-14,118472,3.34,20.35,19.0,3544363.0
2023-09-15,109647,3.44,20.11,18.2,3243326.0
2023-09-16,103566,3.3,19.1,16.3,2835284.0
2023-09-17,87428,4.09,22.53,19.1,2797791.0
2023-09-18,89870,3.76,22.07,20.3,2879364.0
2023-09-19,98186,3.4,20.7,19.1,2971809.0
2023-09-20,102300,3.41,20.97,19.4,3135544.0
2023-09-21,37948,3.39,20.52,18.8,1105904.0
2023-09-22,1963,3.13,18.71,16.0,49313.0
2023-09-23,1435,3.05,18.3,14.5,33728.0
2023-09-24,1442,3.1,18.09,13.7,34226.0
2023-09-25,85783,3.66,19.19,14.9,2463014.0
2023-09-26,106086,3.26,19.8,18.1,3096775.0
2023-09-27,112289,3.29,19.69,17.8,3271092.0
2023-09-28,119326,3.29,20.2,19.0,3558994.0
2023-09-29,93383,3.78,22.33,21.0,3020752.0
2023-09-30,105759,3.28,18.62,15.3,2852162.0
2023-10-01,94630,3.94,21.08,16.8,2863410.0
2023-10-02,94636,3.72,20.55,17.4,2868039.0
2023-10-03,106667,3.29,19.41,17.2,3071689.0
2023-10-04,112402,3.27,19.32,17.2,3227041.0
2023-10-05,116005,3.39,19.99,17.9,3433649.0
2023-10-06,108599,3.46,19.97,17.8,3207172.0
2023-10-07,104877,3.15,18.34,15.4,2788669.0
2023-10-08,91054,3.93,21.17,16.8,2762122.0
2023-10-09,80703,4.13,21.54,16.8,2493177.0
2023-10-10,104457,3.46,20.34,18.1,3130254.0
2023-10-11,111923,3.35,19.95,17.8,3305863.0
2023-10-12,119639,3.46,20.84,19.3,3668578.0
2023-10-13,109955,3.44,19.94,17.8,3246618.0
2023-10-14,110920,3.19,18.85,16.2,3020132.0
2023-10-15,95643,3.93,20.73,16.1,2863096.0
2023-10-16,96306,3.74,20.6,17.3,2937445.0
2023-10-17,109412,3.35,19.82,17.6,3217942.0
2023-10-18,113825,3.31,20.22,18.4,3403550.0
2023-10-19,120651,3.38,20.39,18.9,3640349.0
2023-10-20,115831,3.31,19.82,18.4,3403550.0
2023-10-21,114336,3.18,18.57,15.9,3076726.0
2023-10-22,101871,3.9,20.57,16.1,3030707.0
2023-10-23,95082,3.82,20.73,17.3,2914143.0
2023-10-24,107462,3.4,20.09,17.8,3190708.0
2023-10-25,113771,3.39,20.26,18.4,3404626.0
2023-10-26,122444,3.39,20.21,18.5,3660959.0
2023-10-27,118609,3.44,20.27,18.7,3540939.0
2023-10-28,118556,3.19,19.45,17.7,3297623.0
2023-10-29,97981,3.66,19.8,15.8,2810061.0
2023-10-30,92228,3.44,19.25,16.0,2635587.0
2023-10-31,96778,3.07,18.5,16.1,2655276.0
2023-11-01,118788,3.18,19.14,17.2,3388312.0
2023-11-02,121064,3.25,19.75,18.1,3550649.0
2023-11-03,116007,3.32,19.57,17.7,3391601.0
2023-11-04,115652,3.04,18.48,16.3,3092130.0
2023-11-05,98441,3.71,19.86,15.4,2843746.0
2023-11-06,97202,3.68,20.62,17.7,2971351.0
2023-11-07,107267,3.26,19.19,16.6,2997016.0
2023-11-08,117985,3.18,19.5,18.0,3429607.0
2023-11-09,122305,3.32,20.36,18.9,3690352.0
2023-11-10,118768,3.29,19.48,17.5,3373472.0
2023-11-11,115972,3.05,18.57,16.4,3123184.0
2023-11-12,100212,3.81,20.04,15.5,2930196.0
2023-11-13,97881,3.65,20.07,17.0,2931191.0
2023-11-14,111954,3.26,19.34,17.2,3234940.0
2023-11-15,117982,3.21,19.6,17.9,3446284.0
2023-11-16,124229,3.27,19.57,18.0,3627090.0
2023-11-17,115063,3.32,19.79,18.2,3381940.0
2023-11-18,119356,3.03,18.0,15.7,3132789.0
2023-11-19,94202,3.55,19.16,15.0,2624415.0
2023-11-20,94309,3.27,19.15,16.9,2675911.0
2023-11-21,103194,3.05,19.66,19.1,2984630.0
2023-11-22,86495,3.26,19.46,17.7,2476245.0
2023-11-23,58831,3.39,18.15,13.6,1540878.0
2023-11-24,74057,3.29,18.48,14.6,2042394.0
2023-11-25,84246,3.68,20.13,16.0,2438376.0
2023-11-26,80251,4.2,21.59,16.7,2499159.0
2023-11-27,92361,3.93,20.94,17.4,2863447.0
2023-11-28,113622,3.33,19.76,17.6,3348536.0
2023-11-29,108526,3.23,20.39,19.1,3258797.0
2023-11-30,117554,3.31,20.53,19.3,3567200.0
2023-12-01,121472,3.18,19.84,18.7,3576549.0
2023-12-02,117202,3.01,18.96,17.1,3196795.0
2023-12-03,100894,3.64,19.93,16.0,2925851.0
2023-12-04,98376,3.57,20.31,17.7,2965350.0
2023-12-05,116268,3.17,19.71,18.2,3409265.0
2023-12-06,124483,3.15,19.78,18.3,3664071.0
2023-12-07,126960,3.26,20.38,19.1,3834981.0
2023-12-08,121697,3.27,19.69,17.9,3566870.0
2023-12-09,124206,2.98,18.97,17.4,3393028.0
2023-12-10,99063,3.57,19.53,15.6,2824129.0
2023-12-11,102347,3.46,19.78,17.1,3019040.0
2023-12-12,117062,3.17,19.75,18.5,3435277.0
2023-12-13,125437,3.14,19.52,18.2,3650258.0
2023-12-14,131304,3.19,20.23,19.4,3937234.0
2023-12-15,128144,3.23,19.51,18.1,3724763.0
2023-12-16,120883,3.0,18.78,17.1,3276542.0
2023-12-17,97436,3.47,19.13,15.2,2718590.0
2023-12-18,93142,3.25,18.69,15.9,2596224.0
2023-12-19,112280,3.01,18.59,17.1,3110906.0
2023-12-20,109194,3.02,18.71,17.4,3039819.0
2023-12-21,108619,3.04,18.77,17.5,3021192.0
2023-12-22,99690,3.12,18.37,16.3,2720044.0
2023-12-23,78013,3.27,18.77,15.5,2100860.0
2023-12-24,60836,3.23,17.77,13.5,1553093.0
2023-12-25,41343,4.0,20.66,14.8,1212205.0
2023-12-26,65187,3.86,20.93,16.8,1988276.0
2023-12-27,77195,3.79,21.18,18.2,2368336.0
2023-12-28,80441,3.73,21.09,18.5,2455594.0
2023-12-29,81779,3.69,20.62,17.5,2451700.0
2023-12-30,78501,3.74,20.4,16.1,2280617.0
2023-12-31,68687,3.69,19.2,13.6,1899182.0
2024-01-01,68321,4.23,21.34,15.0,2089756.0
2024-01-02,71822,4.08,20.79,16.0,2180188.0
2024-01-03,78926,3.72,19.57,15.8,2271699.0
2024-01-04,98555,3.3,18.4,15.3,2701602.0
2024-01-05,98171,3.18,17.8,14.6,2616839.0
2024-01-06,89971,3.14,17.3,13.5,2284571.0
2024-01-07,63333,3.89,19.37,13.0,1794017.0
2024-01-08,76629,3.49,18.64,14.9,2134874.0
2024-01-09,85323,2.89,16.88,14.7,2178397.0
2024-01-10,90543,3.18,17.85,14.7,2442936.0
2024-01-11,99847,3.26,18.5,15.8,2777870.0
2024-01-12,97450,3.31,18.47,15.7,2709401.0
2024-01-13,97962,3.02,17.31,14.1,2504629.0
2024-01-14,86823,3.32,17.83,13.4,2287503.0
2024-01-15,72543,3.73,19.21,14.3,2049725.0
2024-01-16,86301,3.32,18.93,15.9,2449765.0
2024-01-17,100884,3.06,17.97,15.6,2739165.0
2024-01-18,102740,3.03,17.81,15.6,2764160.0
2024-01-19,90343,3.0,17.15,14.3,2352052.0
2024-01-20,98196,2.8,16.3,13.2,2376224.0
2024-01-21,77262,3.55,18.39,13.3,2097709.0
2024-01-22,81102,3.39,18.54,15.2,2256764.0
2024-01-23,94049,2.98,17.72,15.6,2512554.0
2024-01-24,99805,2.96,17.67,15.8,2667516.0
2024-01-25,103334,3.1,18.26,16.2,2841464.0
2024-01-26,99479,3.08,17.84,15.6,2674188.0
2024-01-27,103575,2.83,16.89,14.4,2576788.0
2024-01-28,83382,3.37,17.98,13.6,2216805.0
2024-01-29,80643,3.39,18.51,15.1,2245478.0
2024-01-30,96328,2.94,17.34,15.1,2533913.0
2024-01-31,97110,2.95,17.56,15.3,2579473.0
2024-02-01,103799,3.09,18.09,15.9,2835965.0
2024-02-02,99771,2.97,17.45,15.4,2637020.0
2024-02-03,102389,2.78,16.53,14.0,2505803.0
2024-02-04,82103,3.49,18.49,14.1,2237149.0
2024-02-05,84560,3.33,18.23,14.9,2328381.0
2024-02-06,97038,2.98,17.74,15.5,2599098.0
2024-02-07,97576,3.03,18.47,16.7,2710258.0
2024-02-08,107086,3.13,18.4,16.4,2975329.0
2024-02-09,102826,3.15,18.16,15.7,2817499.0
2024-02-10,104143,2.92,17.14,14.4,2622958.0
2024-02-11,86704,3.51,18.24,13.2,2331643.0
2024-02-12,87296,3.34,18.37,15.0,2413556.0
2024-02-13,65251,3.06,16.29,11.9,1640378.0
2024-02-14,110596,2.84,17.52,16.0,2928636.0
2024-02-15,108919,3.02,17.9,16.0,2945890.0
2024-02-16,96434,3.21,18.57,16.7,2686590.0
2024-02-17,92339,2.94,17.0,14.2,2317685.0
2024-02-18,81922,3.39,18.23,13.9,2189426.0
2024-02-19,71369,3.99,19.92,14.3,2084302.0
2024-02-20,91758,3.3,18.55,15.6,2556234.0
2024-02-21,98229,3.07,17.86,15.3,2647204.0
2024-02-22,107154,3.15,18.37,16.3,2961678.0
2024-02-23,96084,3.23,18.14,15.3,2621097.0
2024-02-24,104745,2.94,17.08,14.2,2632861.0
2024-02-25,83961,3.63,18.96,14.2,2335065.0
2024-02-26,80862,3.68,20.08,17.0,2404965.0
2024-02-27,102609,3.08,17.89,15.6,2780740.0
2024-02-28,102072,3.14,18.48,16.5,2833877.0
2024-02-29,114693,3.18,18.44,16.5,3186912.0
2024-03-01,106366,3.17,18.1,15.7,2898812.0
2024-03-02,103208,2.91,17.21,14.6,2611340.0
2024-03-03,85574,3.68,19.53,15.4,2434700.0
2024-03-04,88411,3.55,19.04,15.5,2521491.0
2024-03-05,102319,3.0,18.2,16.5,2795614.0
2024-03-06,110984,2.99,17.97,16.3,3018593.0
2024-03-07,109318,3.23,18.64,16.4,3064789.0
2024-03-08,106565,3.2,18.41,16.3,2948919.0
2024-03-09,110318,2.8,16.86,14.5,2743767.0
2024-03-10,86801,3.73,19.41,15.3,2461932.0
2024-03-11,89830,3.58,19.28,15.8,2588018.0
2024-03-12,100465,3.25,19.14,17.0,2868109.0
2024-03-13,107591,3.24,18.94,16.7,3053510.0
2024-03-14,117221,3.26,19.25,17.4,3368099.0
2024-03-15,110889,3.28,18.81,16.5,3119500.0
2024-03-16,108904,3.15,18.19,15.3,2886127.0
2024-03-17,86863,3.94,20.55,15.6,2593038.0
2024-03-18,87174,3.77,19.88,16.2,2585836.0
2024-03-19,100522,3.29,18.78,16.2,2824974.0
2024-03-20,105567,3.27,18.72,16.2,2970261.0
2024-03-21,112022,3.31,18.91,16.6,3177666.0
2024-03-22,101523,3.39,18.9,16.2,2871683.0
2024-03-23,96046,3.07,17.59,14.4,2483944.0
2024-03-24,84376,3.96,20.39,15.4,2502500.0
2024-03-25,84355,3.75,20.0,16.5,2501607.0
2024-03-26,98440,3.35,18.98,16.3,2787358.0
2024-03-27,104780,3.25,19.08,17.0,2982690.0
2024-03-28,106364,3.27,19.92,19.0,3130871.0
2024-03-29,98731,3.35,18.75,16.0,2763728.0
2024-03-30,93214,3.12,17.9,14.7,2428977.0
2024-03-31,80198,3.86,19.83,14.9,2304654.0
2024-04-01,85184,3.77,19.85,15.9,2508618.0
2024-04-02,107776,3.16,19.12,17.6,3056960.0
2024-04-03,110389,2.94,18.53,17.3,3050502.0
2024-04-04,113485,3.32,19.29,17.2,3264188.0
2024-04-05,110003,3.26,18.75,16.6,3076687.0
2024-04-06,104828,3.06,18.02,15.3,2750345.0
2024-04-07,87565,3.8,19.96,15.4,2542012.0
2024-04-08,86985,3.66,19.38,15.3,2516583.0
2024-04-09,103164,3.35,19.4,17.3,2978303.0
2024-04-10,99654,3.34,18.48,15.3,2781211.0
2024-04-11,112766,3.2,18.9,17.2,3200022.0
2024-04-12,105710,3.28,18.89,16.6,2988335.0
2024-04-13,109040,3.0,17.5,14.7,2797650.0
2024-04-14,89907,3.79,20.18,15.9,2638077.0
2024-04-15,91271,3.72,20.23,17.1,2738953.0
2024-04-16,100974,3.29,19.36,17.4,2904942.0
2024-04-17,113129,3.16,19.04,17.4,3220730.0
2024-04-18,117285,3.22,19.28,17.7,3373843.0
2024-04-19,107334,3.22,18.7,16.6,3005727.0
2024-04-20,109774,3.08,18.36,15.9,2924943.0
2024-04-21,89505,3.71,19.61,14.9,2556670.0
2024-04-22,83082,3.71,19.67,15.9,2425690.0
2024-04-23,93379,3.39,18.79,15.5,2628193.0
2024-04-24,101526,3.36,19.27,16.5,2914645.0
2024-04-25,112211,3.33,19.89,18.2,3306743.0
2024-04-26,103866,3.36,19.33,17.0,2986314.0
2024-04-27,105619,3.16,18.32,15.3,2808548.0
2024-04-28,86888,3.91,20.18,15.0,2541853.0
2024-04-29,90317,3.77,19.98,16.0,2680597.0
2024-04-30,103173,3.26,18.67,15.9,2887122.0
2024-05-01,111367,3.25,19.39,17.5,3207861.0
2024-05-02,118878,3.35,19.7,18.0,3476209.0
2024-05-03,114635,3.35,19.19,16.9,3276243.0
2024-05-04,116327,3.07,17.93,15.2,3034372.0
2024-05-05,96113,3.72,19.85,15.7,2774799.0
2024-05-06,94330,3.78,20.9,17.8,2902077.0
2024-05-07,108157,3.27,19.6,18.1,3139644.0
2024-05-08,114577,3.24,19.58,18.3,3335073.0
2024-05-09,121133,3.32,19.9,18.3,3572891.0
2024-05-10,116636,3.23,19.31,17.9,3348163.0
2024-05-11,109826,3.12,18.37,15.9,2926638.0
2024-05-12,94212,3.75,19.86,15.7,2716657.0
2024-05-13,99236,3.73,20.66,18.0,3031181.0
2024-05-14,113338,3.27,20.14,19.1,3372171.0
2024-05-15,116905,3.2,20.18,19.5,3482865.0
2024-05-16,122664,3.36,20.09,18.8,3654129.0
2024-05-17,114288,3.37,19.51,17.9,3311923.0
2024-05-18,110974,3.13,18.62,16.4,2989743.0
2024-05-19,93831,3.85,20.76,16.8,2811343.0
2024-05-20,95512,3.69,20.3,17.6,2866785.0
2024-05-21,108728,3.25,19.44,17.7,3140011.0
2024-05-22,114857,3.24,19.46,17.8,3320732.0
2024-05-23,108142,3.33,19.89,18.4,3175340.0
2024-05-24,95891,3.54,19.96,17.9,2814038.0
2024-05-25,79974,3.41,18.72,14.8,2153515.0
2024-05-26,71477,3.75,19.61,14.7,2007535.0
2024-05-27,63071,4.23,20.9,14.4,1900565.0
2024-05-28,96855,3.66,20.48,17.7,2922005.0
2024-05-29,107950,3.15,19.37,18.0,3095014.0
2024-05-30,111180,3.32,19.79,18.3,3253933.0
2024-05-31,104223,3.34,19.32,17.5,2981970.0
2024-06-01,108484,3.18,18.39,15.8,2890128.0
2024-06-02,90311,3.94,21.34,17.4,2766646.0
2024-06-03,98335,3.61,20.04,17.0,2925822.0
2024-06-04,110910,3.28,19.68,17.9,3236666.0
2024-06-05,116522,3.16,19.34,17.8,3350078.0
2024-06-06,121063,3.24,20.02,18.7,3584627.0
2024-06-07,110589,3.32,19.2,17.1,3158105.0
2024-06-08,105529,3.19,18.42,15.6,2811622.0
2024-06-09,84793,4.09,21.46,16.9,2618028.0
2024-06-10,94977,3.66,20.03,17.1,2825573.0
2024-06-11,109154,3.2,18.89,16.9,3081736.0
2024-06-12,112138,3.19,18.68,16.3,3140900.0
2024-06-13,116251,3.17,18.85,16.7,3281530.0
2024-06-14,108468,3.19,18.4,16.2,2987229.0
2024-06-15,98293,3.34,18.57,15.4,2642902.0
2024-06-16,81382,3.99,20.12,15.2,2375824.0
2024-06-17,90309,3.58,19.18,15.5,2580390.0
2024-06-18,107347,3.11,18.62,16.6,2974210.0
2024-06-19,95259,3.32,18.52,15.5,2648452.0
2024-06-20,111308,3.19,19.45,18.2,3202506.0
2024-06-21,105068,3.27,19.09,17.4,2973500.0
2024-06-22,100445,3.23,18.32,15.4,2670012.0
2024-06-23,89101,3.75,19.91,15.6,2566147.0
2024-06-24,97480,3.83,20.77,17.7,2988354.0
2024-06-25,108021,3.34,19.89,18.3,3176511.0
2024-06-26,112935,3.16,19.54,18.5,3263191.0
2024-06-27,108840,3.53,21.12,20.1,3360273.0
2024-06-28,95396,3.53,20.32,18.5,2842928.0
2024-06-29,90739,3.35,18.95,15.8,2478449.0
2024-06-30,74054,3.91,20.83,16.1,2200987.0
2024-07-01,77063,3.9,20.53,16.7,2303593.0
2024-07-02,80533,3.43,19.07,16.3,2249575.0
2024-07-03,73488,3.51,19.28,16.4,2068484.0
2024-07-04,51904,3.92,20.22,14.5,1487705.0
2024-07-05,66973,3.66,19.38,15.0,1888015.0
2024-07-06,69683,3.89,20.56,15.4,2030717.0
2024-07-07,69406,4.53,22.4,16.3,2210420.0
2024-07-08,84330,3.95,20.92,17.3,2580138.0
2024-07-09,99745,3.37,19.64,17.3,2883817.0
2024-07-10,106009,3.2,19.13,17.1,2993268.0
2024-07-11,103728,3.41,20.09,18.4,3057970.0
2024-07-12,91401,3.43,19.32,16.6,2600939.0
2024-07-13,87427,3.42,19.11,15.5,2398042.0
2024-07-14,77473,4.07,20.8,15.6,2311430.0
2024-07-15,89354,3.83,20.57,17.2,2695443.0
2024-07-16,108187,3.23,19.24,17.1,3080264.0
2024-07-17,108524,3.09,18.78,16.9,3025565.0
2024-07-18,104619,3.55,20.54,18.2,3154303.0
2024-07-19,91503,3.6,19.87,16.9,2668028.0
2024-07-20,88734,3.51,19.4,15.8,2463493.0
2024-07-21,78398,4.11,21.03,15.8,2352693.0
2024-07-22,84857,3.76,20.14,16.3,2507996.0
2024-07-23,97419,3.41,19.83,17.3,2841290.0
2024-07-24,100963,3.36,19.54,17.1,2909443.0
2024-07-25,102160,3.5,20.32,17.9,3043110.0
2024-07-26,90747,3.53,19.69,16.9,2621959.0
2024-07-27,87138,3.42,19.1,15.6,2384591.0
2024-07-28,77030,4.06,20.9,15.8,2302789.0
2024-07-29,82202,3.76,19.99,16.2,2415325.0
2024-07-30,96223,3.22,18.86,16.5,2684937.0
2024-07-31,100120,3.27,19.2,17.0,2837390.0
2024-08-01,103629,3.34,19.37,17.3,2963329.0
2024-08-02,94208,3.35,18.98,16.4,2638517.0
2024-08-03,88117,3.32,19.13,15.9,2412822.0
2024-08-04,75453,4.13,21.2,15.7,2276103.0
2024-08-05,85356,3.82,20.31,16.4,2542255.0
2024-08-06,99579,3.14,18.81,16.9,2764975.0
2024-08-07,98930,3.44,20.07,17.8,2906984.0
2024-08-08,96515,3.34,19.77,17.9,2802533.0
2024-08-09,82713,3.52,19.31,15.8,2349600.0
2024-08-10,81195,3.5,19.59,16.0,2265695.0
2024-08-11,68522,4.26,22.37,17.4,2167496.0
2024-08-12,74946,3.87,20.48,16.5,2240527.0
2024-08-13,85168,3.45,19.21,16.1,2411153.0
2024-08-14,92171,3.37,19.17,16.6,2603446.0
2024-08-15,92613,3.47,19.72,17.4,2676147.0
2024-08-16,85935,3.55,19.59,16.8,2466689.0
2024-08-17,81938,3.48,19.47,16.1,2271575.0
2024-08-18,71434,3.94,20.64,15.7,2099032.0
2024-08-19,77716,4.12,21.87,17.8,2461117.0
2024-08-20,86463,3.67,20.35,17.4,2570562.0
2024-08-21,87296,3.55,19.74,17.0,2528447.0
2024-08-22,88235,3.68,20.53,18.1,2640488.0
2024-08-23,83675,3.73,20.24,17.0,2476172.0
2024-08-24,80798,3.64,19.81,15.9,2278070.0
2024-08-25,73909,4.21,21.59,16.2,2271852.0
2024-08-26,78240,4.0,20.81,16.6,2363805.0
2024-08-27,86157,3.61,19.86,16.5,2507453.0
2024-08-28,93993,3.57,19.85,16.8,2738403.0
2024-08-29,90353,3.79,20.86,17.8,2748879.0
2024-08-30,83390,3.93,20.97,17.3,2546889.0
2024-08-31,79441,3.93,20.71,15.7,2329403.0
2024-09-01,73879,4.25,21.67,16.0,2261819.0
2024-09-02,67848,4.95,23.73,16.2,2286589.0
2024-09-03,93436,3.91,21.43,18.3,2916046.0
2024-09-04,105952,3.5,20.63,19.1,3186236.0
2024-09-05,113148,3.39,20.44,18.8,3386417.0
2024-09-06,108520,3.38,20.05,18.2,3193808.0
2024-09-07,102976,3.26,19.57,17.0,2882726.0
2024-09-08,90606,4.04,21.19,16.7,2752850.0
2024-09-09,94685,3.7,20.72,18.2,2880992.0
2024-09-10,103904,3.27,20.23,18.9,3079488.0
2024-09-11,104389,3.22,19.5,18.1,3015564.0
2024-09-12,117593,3.35,20.08,18.7,3487704.0
2024-09-13,105616,3.34,19.56,17.7,3053271.0
2024-09-14,104102,3.19,18.93,16.6,2833544.0
2024-09-15,88126,4.03,21.79,18.2,2739630.0
2024-09-16,94171,3.71,20.54,17.7,2854427.0
2024-09-17,110553,3.25,19.47,17.7,3195171.0
2024-09-18,115734,3.26,19.85,18.2,3402337.0
2024-09-19,119532,3.35,20.42,19.2,3596646.0
2024-09-20,112511,3.41,20.19,18.6,3343983.0
2024-09-21,109657,3.22,19.77,17.9,3096861.0
2024-09-22,96832,3.96,21.72,18.1,3009694.0
2024-09-23,96840,3.66,21.56,19.8,3041498.0
2024-09-24,100320,3.38,21.01,19.9,3076808.0
2024-09-25,107021,3.39,21.09,20.1,3304022.0
2024-09-26,115717,3.42,21.24,20.4,3598129.0
2024-09-27,108158,3.43,19.96,18.1,3187029.0
2024-09-28,117497,3.01,18.45,16.4,3129641.0
2024-09-29,96619,3.76,20.15,16.1,2817002.0
2024-09-30,95520,3.78,20.71,17.8,2910148.0
2024-10-01,107036,3.25,19.3,17.3,3064557.0
2024-10-02,104061,3.28,19.49,17.5,3000289.0
2024-10-03,99368,3.3,18.79,15.6,2801908.0
2024-10-04,100085,3.32,19.14,16.1,2860518.0
2024-10-05,103929,3.2,19.09,16.5,2860682.0
2024-10-06,88037,4.07,21.89,17.3,2759741.0
2024-10-07,92831,3.85,21.34,18.5,2912164.0
2024-10-08,108760,3.3,19.97,18.4,3214724.0
2024-10-09,115998,3.22,19.74,18.4,3392091.0
2024-10-10,125644,3.26,19.81,18.5,3690102.0
2024-10-11,109851,3.44,19.75,17.7,3218621.0
2024-10-12,109306,3.14,18.55,15.8,2925959.0
2024-10-13,92101,3.86,21.17,17.2,2786002.0
2024-10-14,88151,3.94,21.0,16.7,2666969.0
2024-10-15,112367,3.43,20.6,18.9,3404196.0
2024-10-16,117804,3.35,20.49,19.0,3556453.0
2024-10-17,121553,3.42,20.9,19.3,3736604.0
2024-10-18,114983,3.45,20.09,18.0,3414563.0
2024-10-19,115689,3.22,19.27,17.1,3208228.0
2024-10-20,99321,3.93,21.25,17.2,3036219.0
2024-10-21,96857,3.82,21.29,18.3,3029228.0
2024-10-22,109061,3.41,20.09,18.0,3235671.0
2024-10-23,115536,3.37,20.18,18.3,3447118.0
2024-10-24,122426,3.38,20.43,18.7,3697904.0
2024-10-25,117201,3.42,20.1,18.2,3476304.0
2024-10-26,124585,3.19,19.19,16.9,3435570.0
2024-10-27,101330,3.89,20.91,16.5,3048041.0
2024-10-28,99162,3.7,20.93,18.1,3049472.0
2024-10-29,113821,3.28,19.94,18.1,3347573.0
2024-10-30,115726,3.36,20.07,18.2,3429214.0
2024-10-31,108569,3.28,19.59,17.6,3135784.0
2024-11-01,117680,3.23,19.02,17.0,3326795.0
2024-11-02,120921,2.92,17.89,15.7,3144711.0
2024-11-03,101433,3.52,19.52,15.6,2867790.0
2024-11-04,93467,3.59,20.24,17.5,2783020.0
2024-11-05,89805,3.29,18.34,15.1,2396938.0
2024-11-06,106325,3.2,19.31,17.5,3050272.0
2024-11-07,119560,3.2,19.62,18.2,3485632.0
2024-11-08,116454,3.28,19.57,18.0,3387954.0
2024-11-09,118448,2.99,18.89,17.1,3227888.0
2024-11-10,98507,3.71,20.36,16.3,2900340.0
2024-11-11,88656,3.86,21.36,17.5,2730305.0
2024-11-12,113785,3.23,19.71,18.4,3330353.0
2024-11-13,119302,3.21,19.81,18.6,3511712.0
2024-11-14,126127,3.24,19.85,18.6,3722044.0
2024-11-15,117241,3.25,19.3,17.7,3372685.0
2024-11-16,121466,2.98,18.2,16.0,3205250.0
2024-11-17,98515,3.8,20.4,15.9,2909672.0
2024-11-18,96650,3.63,20.2,17.3,2896768.0
2024-11-19,110858,3.18,19.31,17.7,3185590.0
2024-11-20,119831,3.17,19.43,18.0,3461323.0
2024-11-21,132647,3.05,19.58,19.5,3857053.0
2024-11-22,127356,3.1,18.7,17.3,3579454.0
2024-11-23,114945,3.02,18.22,15.8,3046563.0
2024-11-24,93415,3.49,19.19,15.0,2604568.0
2024-11-25,94632,3.21,18.94,16.9,2650411.0
2024-11-26,103284,3.08,19.23,18.5,2928534.0
2024-11-27,96545,3.17,19.52,18.4,2759349.0
2024-11-28,62825,3.34,18.17,14.3,1638418.0
2024-11-29,78210,3.38,19.05,15.2,2208625.0
2024-11-30,92637,3.63,20.4,16.9,2710299.0
2024-12-01,86251,4.17,21.8,17.0,2701561.0
2024-12-02,103112,3.89,21.48,18.9,3256900.0
2024-12-03,118737,3.42,20.54,18.9,3599911.0
2024-12-04,122308,3.27,20.48,19.3,3690578.0
2024-12-05,133596,3.29,20.69,19.8,4071267.0
2024-12-06,130476,3.21,20.2,19.2,3894392.0
2024-12-07,127934,2.96,19.04,17.4,3503788.0
2024-12-08,104324,3.78,21.23,17.4,3181670.0
2024-12-09,107021,3.54,20.99,19.3,3303858.0
2024-12-10,124725,3.16,20.43,19.8,3761633.0
2024-12-11,126632,3.16,20.74,20.2,3862243.0
2024-12-12,140177,3.24,21.16,20.9,4354718.0
2024-12-13,139276,3.07,19.5,18.7,4038106.0
2024-12-14,135352,2.81,18.59,17.4,3630685.0
2024-12-15,107983,3.47,19.9,16.6,3108408.0
2024-12-16,102625,3.22,19.77,18.5,2989794.0
2024-12-17,118018,2.99,19.01,17.8,3331946.0
2024-12-18,124825,2.91,19.13,18.5,3543786.0
2024-12-19,127694,2.94,18.98,18.1,3596237.0
2024-12-20,120183,2.93,18.37,17.1,3289530.0
2024-12-21,109734,2.88,18.09,16.0,2873491.0
2024-12-22,87799,3.16,19.04,16.0,2398405.0
2024-12-23,83408,3.14,19.45,18.0,2366331.0
2024-12-24,69432,2.89,17.01,14.2,1756098.0
2024-12-25,45737,3.51,19.24,14.6,1255718.0
2024-12-26,68583,3.61,20.67,17.7,2055959.0
2024-12-27,78141,3.58,20.76,18.1,2352023.0
2024-12-28,79619,3.43,19.83,16.8,2243964.0
2024-12-29,71666,3.92,21.6,17.1,2181431.0
2024-12-30,75473,3.77,21.06,17.9,2292837.0
2024-12-31,75648,3.24,18.06,14.3,2022647.0
2025-01-01,71175,3.86,20.22,14.6,2069499.0
2025-01-02,78821,3.66,19.9,16.2,2300436.0
2025-01-03,85058,3.36,18.73,15.5,2362490.0
2025-01-04,90340,3.23,18.22,14.5,2393558.0
2025-01-05,73165,3.82,19.65,14.1,2126301.0
2025-01-06,74201,3.48,18.71,14.8,2113062.0
2025-01-07,90012,3.05,17.3,14.3,2413420.0
2025-01-08,97314,2.89,16.85,14.3,2563448.0
2025-01-09,101576,2.98,17.3,14.8,2733696.0
2025-01-10,95522,3.11,17.6,14.7,2606464.0
2025-01-11,100458,2.93,16.6,13.2,2543911.0
2025-01-12,82026,3.53,18.35,13.4,2274627.0
2025-01-13,86287,3.23,17.78,14.5,2379338.0
2025-01-14,101507,2.94,17.11,14.6,2716475.0
2025-01-15,104330,2.95,17.24,14.9,2804089.0
2025-01-16,111360,3.01,17.53,15.2,3042409.0
2025-01-17,97262,3.11,17.79,15.4,2682258.0
2025-01-18,93401,2.89,16.55,13.6,2348352.0
2025-01-19,78475,3.08,16.51,12.4,1972398.0
2025-01-20,66701,4.02,19.88,13.8,1994527.0
2025-01-21,93307,3.07,17.52,14.8,2535642.0
2025-01-22,100378,2.84,16.88,14.7,2648898.0
2025-01-23,107869,2.88,17.23,15.1,2898193.0
2025-01-24,103178,2.94,17.2,15.0,2762220.0
2025-01-25,106701,2.73,16.19,13.6,2633193.0
2025-01-26,80538,3.48,18.22,13.5,2212784.0
2025-01-27,81153,3.26,18.0,15.1,2252633.0
2025-01-28,95800,2.9,17.05,14.8,2546788.0
2025-01-29,100931,2.95,17.22,14.8,2705263.0
2025-01-30,107867,2.97,17.52,15.6,2938099.0
2025-01-31,100635,2.99,17.29,15.1,2709629.0
2025-02-01,107389,2.7,16.06,13.7,2637488.0
2025-02-02,87824,3.3,17.6,13.4,2343431.0
2025-02-03,82009,3.28,18.06,15.1,2284282.0
2025-02-04,98925,2.85,17.01,15.0,2628423.0
2025-02-05,104765,2.89,17.48,15.6,2845400.0
2025-02-06,101267,2.9,17.29,15.2,2726662.0
2025-02-07,106419,2.92,17.16,15.2,2844398.0
2025-02-08,104290,2.62,15.95,13.8,2540234.0
2025-02-09,77599,3.47,18.01,13.0,2115194.0
2025-02-10,87332,3.29,18.32,15.7,2464961.0
2025-02-11,99189,2.81,16.99,15.1,2625996.0
2025-02-12,99660,2.85,16.93,14.8,2638252.0
2025-02-13,106317,2.99,17.58,15.8,2906127.0
2025-02-14,106779,3.01,17.81,16.2,2939928.0
2025-02-15,95901,2.79,16.2,13.4,2370977.0
2025-02-16,73522,3.28,17.62,13.3,1955255.0
2025-02-17,73319,3.77,19.09,13.7,2110407.0
2025-02-18,94732,3.23,18.15,15.2,2655105.0
2025-02-19,99312,2.94,17.36,15.1,2670500.0
2025-02-20,108654,2.9,17.29,15.2,2919093.0
2025-02-21,102065,3.02,17.34,14.9,2754917.0
2025-02-22,98649,2.97,16.91,13.8,2527700.0
2025-02-23,79911,3.7,19.09,14.1,2287386.0
2025-02-24,80986,3.47,18.81,15.5,2332315.0
2025-02-25,95302,3.1,17.78,15.3,2621934.0
2025-02-26,103739,3.13,18.06,15.9,2899051.0
2025-02-27,112571,3.11,18.18,16.2,3163853.0
2025-02-28,108349,3.18,17.98,15.6,3016059.0
2025-03-01,112955,2.9,16.72,13.8,2865319.0
2025-03-02,89673,3.51,18.43,13.7,2488426.0
2025-03-03,90577,3.38,18.53,15.3,2582665.0
2025-03-04,100427,3.03,17.72,15.3,2753317.0
2025-03-05,107769,2.89,17.5,15.7,2927091.0
2025-03-06,113276,3.08,17.98,15.6,3153025.0
2025-03-07,105055,3.1,17.83,15.4,2890789.0
2025-03-08,105376,2.89,16.66,13.8,2664778.0
2025-03-09,83411,3.71,19.23,14.9,2401226.0
2025-03-10,86047,3.52,19.28,16.3,2530210.0
2025-03-11,101568,3.12,18.44,16.5,2871291.0
2025-03-12,111779,3.05,18.17,16.2,3134881.0
2025-03-13,119471,3.08,18.32,16.4,3372000.0
2025-03-14,110385,3.18,18.17,15.7,3088579.0
2025-03-15,108117,3.02,17.37,14.5,2827543.0
2025-03-16,83584,3.71,19.65,14.9,2444038.0
2025-03-17,87368,3.75,20.8,17.7,2734207.0
2025-03-18,98682,3.22,18.69,16.4,2822443.0
2025-03-19,102660,3.18,18.55,16.3,2923171.0
2025-03-20,113242,3.19,18.63,16.6,3243790.0
2025-03-21,103022,3.38,18.87,16.1,2974127.0
2025-03-22,104240,3.12,17.74,14.6,2783944.0
2025-03-23,87667,3.86,19.91,14.9,2601381.0
2025-03-24,87942,3.55,19.59,17.0,2616206.0
2025-03-25,97505,3.28,18.68,16.2,2792460.0
2025-03-26,106821,3.17,18.48,16.2,3038699.0
2025-03-27,111334,3.33,19.07,17.0,3257113.0
2025-03-28,105118,3.31,18.6,16.1,3002273.0
2025-03-29,113009,3.06,17.65,14.8,2992035.0
2025-03-30,85364,3.89,20.01,14.8,2541348.0
2025-03-31,89122,3.65,19.41,15.6,2638400.0
2025-04-01,104130,3.31,18.79,16.1,3000610.0
2025-04-02,111123,3.02,18.14,16.3,3106934.0
2025-04-03,112130,3.19,18.89,17.0,3248287.0
2025-04-04,108186,3.18,18.55,16.4,3070946.0
2025-04-05,112893,2.9,17.44,15.0,2958130.0
2025-04-06,87751,3.72,19.48,14.7,2554517.0
2025-04-07,95818,3.41,19.16,16.6,2804357.0
2025-04-08,107216,3.02,18.02,16.0,2980829.0
2025-04-09,111004,3.09,18.42,16.5,3143449.0
2025-04-10,117385,3.09,18.5,16.6,3339757.0
2025-04-11,112460,3.01,17.82,16.0,3092346.0
2025-04-12,103683,2.88,16.86,14.2,2641661.0
2025-04-13,80819,3.66,19.09,14.0,2301604.0
2025-04-14,83087,3.55,19.12,15.2,2418030.0
2025-04-15,100871,3.19,18.62,16.1,2866034.0
2025-04-16,111610,3.1,18.36,16.0,3135893.0
2025-04-17,109644,3.26,19.18,17.1,3197690.0
2025-04-18,98413,3.28,18.45,15.2,2776667.0
2025-04-19,98528,3.1,17.88,14.7,2619145.0
2025-04-20,81420,3.8,19.69,14.6,2370461.0
2025-04-21,89615,3.7,19.87,16.3,2698020.0
2025-04-22,103317,3.36,19.38,17.0,3042641.0
2025-04-23,111278,3.18,18.99,17.1,3219872.0
2025-04-24,118438,3.23,19.6,18.1,3521651.0
2025-04-25,113889,3.19,18.94,17.1,3288529.0
2025-04-26,115833,2.94,17.9,15.6,3097232.0
2025-04-27,95178,3.76,19.94,15.3,2820582.0
2025-04-28,90376,3.65,20.14,17.3,2751397.0
2025-04-29,103637,3.25,19.21,17.1,3031224.0
2025-04-30,112220,3.28,19.46,17.7,3318135.0
2025-05-01,120483,3.35,19.85,18.3,3620369.0
2025-05-02,111746,3.24,19.05,17.0,3231743.0
2025-05-03,111857,2.98,17.7,15.0,2952612.0
2025-05-04,90968,3.82,20.43,16.1,2737541.0
2025-05-05,97991,3.49,20.32,18.2,2987813.0
2025-05-06,107657,3.29,19.6,17.5,3203754.0
2025-05-07,114292,3.33,19.82,17.8,3428724.0
2025-05-08,123026,3.22,19.88,18.5,3698600.0
2025-05-09,113835,3.21,19.57,18.2,3369580.0
2025-05-10,110057,3.12,18.53,16.0,3019325.0
2025-05-11,95802,3.78,20.16,16.2,2848999.0
2025-05-12,97188,3.68,20.57,17.9,3016307.0
2025-05-13,113598,3.22,19.65,18.2,3382174.0
2025-05-14,112042,3.2,20.47,19.7,3441925.0
2025-05-15,121829,3.45,20.34,18.7,3743153.0
2025-05-16,113214,3.49,20.68,19.3,3493628.0
2025-05-17,112037,3.35,19.41,16.6,3199418.0
2025-05-18,90197,4.14,22.36,18.3,2928832.0
2025-05-19,98900,3.71,20.63,17.9,3070175.0
2025-05-20,109730,3.35,19.79,17.9,3281312.0
2025-05-21,118506,3.22,19.75,18.3,3541005.0
2025-05-22,113286,3.34,20.32,19.2,3457616.0
2025-05-23,96296,3.53,20.06,17.8,2903469.0
2025-05-24,81252,3.4,18.67,14.5,2237588.0
2025-05-25,71868,3.87,20.25,14.9,2118888.0
2025-05-26,65020,4.65,22.66,15.4,2141138.0
2025-05-27,96199,3.59,20.18,17.5,2918562.0
2025-05-28,111419,3.16,19.77,18.7,3316059.0
2025-05-29,111467,3.27,19.77,18.0,3322164.0
2025-05-30,105518,3.3,19.26,17.1,3074257.0
2025-05-31,101979,3.22,18.47,15.3,2792583.0
2025-06-01,86112,4.03,21.31,16.5,2682845.0
2025-06-02,89079,3.79,20.4,16.5,2745860.0
2025-06-03,105651,3.32,19.28,16.6,3104329.0
2025-06-04,115161,3.23,19.6,18.1,3417210.0
2025-06-05,119198,3.28,19.7,17.9,3558486.0
2025-06-06,101034,3.45,19.79,17.4,3014200.0
2025-06-07,98529,3.4,19.29,16.1,2794552.0
2025-06-08,84373,4.21,22.26,17.5,2723537.0
2025-06-09,96069,3.67,20.21,17.0,2934504.0
2025-06-10,105225,3.32,19.76,17.6,3142572.0
2025-06-11,111799,3.2,19.44,17.6,3290770.0
2025-06-12,117878,3.27,19.76,18.2,3519327.0
2025-06-13,102288,3.35,19.28,16.9,2976490.0
2025-06-14,91401,3.22,18.31,15.1,2481374.0
2025-06-15,79389,3.88,20.05,15.2,2346351.0
2025-06-16,89841,3.67,20.13,16.9,2721229.0
2025-06-17,100439,3.18,19.17,17.4,2910942.0
2025-06-18,110420,3.2,19.24,17.3,3220518.0
2025-06-19,99809,3.29,18.88,16.1,2870891.0
2025-06-20,97552,3.5,19.87,17.5,2903697.0
2025-06-21,93687,3.34,18.95,15.8,2611576.0
2025-06-22,80688,4.13,21.43,16.4,2530055.0
2025-06-23,95473,3.72,20.48,17.7,2935725.0
2025-06-24,106986,3.21,18.87,16.8,3077922.0
2025-06-25,110635,3.09,19.05,17.4,3197734.0
2025-06-26,108559,3.36,20.24,19.0,3291800.0
2025-06-27,98000,3.59,20.16,17.6,2968305.0
2025-06-28,93216,3.35,19.11,16.0,2629196.0
2025-06-29,80408,3.9,21.07,16.7,2464961.0
2025-06-30,83741,3.46,19.13,16.1,2406802.0
2025-07-01,94892,3.16,18.4,16.0,2647926.0
2025-07-02,83519,3.38,19.16,16.5,2404028.0
2025-07-03,73519,3.41,19.13,16.5,2099421.0
2025-07-04,50379,3.95,20.28,14.3,1483518.0
2025-07-05,59582,3.84,20.05,14.9,1725042.0
2025-07-06,64991,4.46,22.13,16.2,2078749.0
2025-07-07,78442,3.92,20.61,16.5,2406258.0
2025-07-08,97742,3.27,19.01,16.5,2807570.0
2025-07-09,101626,3.25,19.42,17.2,2966831.0
2025-07-10,95789,3.37,19.98,17.9,2865184.0
2025-07-11,88424,3.44,19.46,16.8,2581884.0
2025-07-12,86596,3.35,19.08,15.7,2424967.0
2025-07-13,75501,4.01,20.96,15.8,2304831.0
2025-07-14,91752,3.59,19.86,16.7,2742114.0
2025-07-15,100215,3.49,20.25,17.8,3047778.0
2025-07-16,106682,3.18,19.23,17.3,3095298.0
2025-07-17,105358,3.34,19.68,17.5,3126371.0
2025-07-18,89047,3.54,19.93,17.3,2649250.0
2025-07-19,85427,3.34,18.86,15.3,2364890.0
2025-07-20,78088,3.95,20.57,15.4,2349533.0
2025-07-21,82666,3.83,20.71,17.2,2546944.0
2025-07-22,91842,3.35,19.69,17.6,2712904.0
2025-07-23,96832,3.29,19.4,17.3,2828621.0
2025-07-24,97748,3.33,20.06,18.5,2930044.0
2025-07-25,91983,3.35,19.32,16.9,2660648.0
2025-07-26,85695,3.53,19.59,16.1,2451408.0
2025-07-27,74472,3.9,20.42,15.2,2215770.0
2025-07-28,88105,3.75,20.38,16.9,2684717.0
2025-07-29,99502,3.16,18.98,16.9,2850195.0
2025-07-30,101815,3.08,18.68,16.9,2883433.0
2025-07-31,95309,3.29,19.98,18.6,2828160.0
2025-08-01,83800,3.61,20.04,17.1,2508841.0
2025-08-02,80158,3.5,19.46,15.8,2279189.0
2025-08-03,71567,3.99,20.6,15.5,2154838.0
2025-08-04,77620,3.71,20.08,16.6,2327627.0
2025-08-05,88925,3.33,19.12,16.4,2563074.0
2025-08-06,94906,3.29,19.25,17.2,2751520.0
2025-08-07,89827,3.45,19.85,17.7,2661484.0
2025-08-08,82409,3.55,19.81,17.1,2428847.0
2025-08-09,74951,3.53,19.46,15.9,2122502.0
2025-08-10,67862,4.19,22.03,17.1,2149097.0
2025-08-11,76085,3.85,20.46,16.8,2307172.0
2025-08-12,88555,3.33,18.95,16.3,2522753.0
2025-08-13,98728,3.11,18.54,16.7,2774706.0
2025-08-14,92537,3.49,19.88,17.4,2750364.0
2025-08-15,83212,3.59,19.91,17.1,2461042.0
2025-08-16,79839,3.48,19.31,15.8,2244629.0
2025-08-17,73654,3.94,20.84,16.1,2221726.0
2025-08-18,72672,4.04,21.02,16.8,2255722.0
2025-08-19,82331,3.55,19.59,16.6,2409818.0
2025-08-20,97177,3.22,18.98,17.2,2778090.0
2025-08-21,87673,3.63,20.38,17.7,2647666.0
2025-08-22,82619,3.74,20.54,17.8,2505065.0
2025-08-23,83707,3.54,19.55,16.0,2382361.0
2025-08-24,74257,4.19,21.62,16.3,2317515.0
2025-08-25,74390,4.16,21.64,17.4,2354523.0
2025-08-26,83763,3.74,20.58,17.4,2548520.0
2025-08-27,86674,3.74,20.89,18.1,2672220.0
2025-08-28,86791,3.87,21.27,18.4,2716366.0
2025-08-29,81699,4.03,21.49,17.8,2578385.0
2025-08-30,79677,3.84,20.48,16.0,2351767.0
2025-08-31,71340,4.21,21.83,16.4,2228138.0
2025-09-01,65452,4.79,23.54,15.8,2220797.0
2025-09-02,90639,3.87,21.04,18.0,2823190.0
2025-09-03,101870,3.44,19.99,17.7,3034716.0
2025-09-04,110372,3.23,19.59,18.1,3237239.0
2025-09-05,105129,3.45,20.02,17.9,3136164.0
2025-09-06,97613,3.19,19.28,16.8,2744968.0
2025-09-07,83380,4.02,21.27,16.4,2575652.0
2025-09-08,92994,3.73,20.81,18.3,2873464.0
2025-09-09,104828,3.28,19.8,18.3,3105774.0
2025-09-10,111254,3.31,20.71,19.8,3421865.0
2025-09-11,112584,3.3,20.48,19.4,3437477.0
2025-09-12,108545,3.38,20.61,19.7,3320022.0
2025-09-13,106279,3.12,18.71,16.3,2923313.0
2025-09-14,91340,3.82,20.64,16.5,2752493.0
2025-09-15,96082,3.69,20.74,18.3,2967418.0
2025-09-16,108752,3.27,19.75,18.3,3222102.0
2025-09-17,114299,3.23,20.02,18.7,3426772.0
2025-09-18,118348,3.34,20.63,19.8,3643442.0
2025-09-19,110156,3.41,20.25,18.9,3329376.0
2025-09-20,106632,3.26,19.57,17.6,3039384.0
2025-09-21,91465,3.95,21.73,17.9,2873388.0
2025-09-22,90132,3.71,21.43,19.4,2834427.0
2025-09-23,88848,3.42,20.48,18.3,2690253.0
2025-09-24,102404,3.42,20.28,18.0,3099714.0
2025-09-25,111350,3.4,21.27,20.5,3505408.0
2025-09-26,109703,3.5,20.74,19.5,3377278.0
2025-09-27,108699,3.1,18.82,16.8,2999556.0
2025-09-28,89612,3.86,20.59,16.3,2695861.0
2025-09-29,94047,3.71,21.23,19.3,2947210.0
2025-09-30,106427,3.26,19.57,18.0,3120534.0
2025-10-01,104509,3.26,19.47,17.9,3048464.0
2025-10-02,101476,3.32,18.74,15.9,2889039.0
2025-10-03,105334,3.32,19.74,18.6,3105056.0
2025-10-04,103155,3.14,18.93,16.7,2858965.0
2025-10-05,87215,4.07,22.2,18.0,2791999.0
2025-10-06,93175,3.61,20.55,18.2,2854054.0
2025-10-07,104978,3.21,19.15,17.1,3037563.0
2025-10-08,113275,3.24,19.78,18.1,3376960.0
2025-10-09,121219,3.29,20.87,20.3,3761871.0
2025-10-10,112877,3.52,20.73,19.6,3480373.0
2025-10-11,108352,3.18,19.21,16.9,3048146.0
2025-10-12,88152,3.74,20.78,16.6,2658305.0
2025-10-13,82858,3.85,20.23,15.1,2463996.0
2025-10-14,107828,3.53,20.64,18.3,3325046.0
2025-10-15,114485,3.4,20.19,18.5,3461936.0
2025-10-16,121880,3.4,21.12,20.8,3819711.0
2025-10-17,113000,3.47,20.6,19.6,3462439.0
2025-10-18,106829,3.25,19.4,17.2,3025584.0
2025-10-19,93835,3.96,21.53,17.7,2932805.0
2025-10-20,98936,3.79,20.82,17.7,3072249.0
2025-10-21,105649,3.45,20.52,19.3,3231926.0
2025-10-22,114152,3.39,20.38,19.3,3480077.0
2025-10-23,121907,3.43,20.77,20.1,3770656.0
2025-10-24,113302,3.47,20.36,19.3,3431971.0
2025-10-25,108697,3.17,18.93,16.7,3018394.0
2025-10-26,93326,3.9,20.91,16.5,2846137.0
2025-10-27,96548,3.71,20.88,18.8,2981942.0
2025-10-28,108205,3.31,20.37,19.5,3270842.0
2025-10-29,113293,3.33,20.39,19.4,3432829.0
2025-10-30,106658,3.22,20.84,20.9,3264921.0
2025-10-31,115157,3.44,20.41,18.7,3479368.0
2025-11-01,112856,3.09,18.73,16.4,3105058.0
2025-11-02,95234,3.59,20.07,16.1,2795828.0
2025-11-03,97970,3.71,20.91,18.8,3039107.0
2025-11-04,101990,3.35,19.69,17.8,2932665.0
2025-11-05,111661,3.33,20.18,19.2,3365591.0
2025-11-06,121105,3.34,20.61,19.9,3718593.0
2025-11-07,112738,3.45,20.41,19.1,3429168.0
2025-11-08,111094,3.01,18.68,16.8,3059756.0
2025-11-09,92583,3.59,19.91,16.1,2697264.0
2025-11-10,102309,3.64,20.57,18.4,3123219.0
2025-11-11,100265,3.33,20.48,18.3,2990570.0
2025-11-12,109819,3.3,20.71,20.1,3368002.0
2025-11-13,117969,3.25,20.37,19.8,3576014.0
2025-11-14,114145,3.29,19.83,18.7,3382806.0
2025-11-15,112409,2.94,18.02,16.0,3001228.0
2025-11-16,94247,3.69,20.24,16.1,2796599.0
2025-11-17,99886,3.65,20.43,18.5,3031373.0
2025-11-18,110481,3.31,19.99,19.0,3292455.0
2025-11-19,114059,3.25,20.17,19.5,3430185.0
2025-11-20,119444,3.32,20.28,19.6,3603511.0
2025-11-21,111770,3.42,20.02,18.9,3332256.0
2025-11-22,105929,3.05,18.43,16.3,2884168.0
2025-11-23,85969,3.53,19.53,15.5,2457863.0
2025-11-24,91892,3.44,19.84,18.4,2681988.0
2025-11-25,104254,3.19,19.94,20.1,3067971.0
2025-11-26,90506,3.34,19.94,19.1,2644760.0
2025-11-27,58918,3.45,18.52,14.6,1582067.0
2025-11-28,74206,3.28,18.91,15.3,2119349.0
2025-11-29,84648,3.74,20.91,17.3,2563227.0
2025-11-30,78624,4.18,21.95,17.3,2502931.0
2025-12-01,13,2.34,16.41,15.7,294.0
